time,signal
0.0,-0.01449
0.0028,-0.02091
0.0056,-0.03079
0.0083,-0.0103
0.0111,-0.00376
0.0139,0.04276
0.0167,-0.00139
0.0194,-0.01763
0.0222,0.03093
0.025,0.05234
0.0278,0.01586
0.0306,0.01599
0.0333,0.02794
0.0361,0.02416
0.0389,0.02635
0.0417,0.0285
0.0445,0.03007
0.0472,0.05058
0.05,0.00581
0.0528,0.00645
0.0556,0.02891
0.0583,0.01096
0.0611,0.03809
0.0639,0.06583
0.0667,0.06755
0.0695,0.10362
0.0722,0.03442
0.075,0.03976
0.0778,0.0588
0.0806,0.067
0.0834,0.03259
0.0861,0.04426
0.0889,0.07509
0.0917,0.09139
0.0945,0.05554
0.0972,0.08514
0.1,0.06441
0.1028,0.06032
0.1056,0.07383
0.1084,0.07282
0.1111,0.06046
0.1139,0.06363
0.1167,0.06512
0.1195,0.04786
0.1223,0.09951
0.125,0.09198
0.1278,0.08455
0.1306,0.07034
0.1334,0.0501
0.1361,0.08485
0.1389,0.0658
0.1417,0.09141
0.1445,0.10869
0.1473,0.06978
0.15,0.10964
0.1528,0.09316
0.1556,0.11214
0.1584,0.09965
0.1612,0.10339
0.1639,0.08711
0.1667,0.12039
0.1695,0.05062
0.1723,0.11281
0.175,0.11216
0.1778,0.10095
0.1806,0.10681
0.1834,0.07834
0.1862,0.123
0.1889,0.08211
0.1917,0.08999
0.1945,0.10948
0.1973,0.10244
0.2001,0.14351
0.2028,0.09672
0.2056,0.10968
0.2084,0.11298
0.2112,0.08412
0.2139,0.08517
0.2167,0.08624
0.2195,0.09433
0.2223,0.09248
0.2251,0.06707
0.2278,0.1224
0.2306,0.11179
0.2334,0.1053
0.2362,0.07378
0.239,0.08679
0.2417,0.07974
0.2445,0.08825
0.2473,0.09603
0.2501,0.1088
0.2528,0.11846
0.2556,0.10272
0.2584,0.09429
0.2612,0.09739
0.264,0.06627
0.2667,0.10464
0.2695,0.08478
0.2723,0.09262
0.2751,0.10428
0.2779,0.11204
0.2806,0.07677
0.2834,0.08231
0.2862,0.10019
0.289,0.05451
0.2917,0.05538
0.2945,0.12018
0.2973,0.07521
0.3001,0.06556
0.3029,0.07971
0.3056,0.0688
0.3084,0.0651
0.3112,0.05599
0.314,0.05494
0.3168,0.04718
0.3195,0.03147
0.3223,0.08354
0.3251,0.07151
0.3279,0.03919
0.3306,0.07335
0.3334,0.06911
0.3362,0.04705
0.339,0.0638
0.3418,0.01774
0.3445,0.01248
0.3473,0.04776
0.3501,0.05964
0.3529,0.01998
0.3557,0.04556
0.3584,0.02311
0.3612,0.01955
0.364,0.014
0.3668,0.02586
0.3695,0.01699
0.3723,0.03785
0.3751,0.04905
0.3779,0.02028
0.3807,0.00515
0.3834,0.0154
0.3862,0.06481
0.389,0.02512
0.3918,0.00667
0.3946,0.02249
0.3973,0.02783
0.4001,-0.00729
0.4029,0.00715
0.4057,0.01083
0.4084,-0.00831
0.4112,-0.01318
0.414,0.02169
0.4168,0.02723
0.4196,0.00157
0.4223,-0.02012
0.4251,0.0149
0.4279,0.00805
0.4307,-0.03065
0.4335,-0.0335
0.4362,-0.02059
0.439,-0.00323
0.4418,-0.01567
0.4446,-0.03858
0.4473,-0.03109
0.4501,-0.00972
0.4529,-0.0139
0.4557,0.00359
0.4585,-0.03692
0.4612,-0.02906
0.464,-0.03842
0.4668,-0.03169
0.4696,-0.06165
0.4724,-0.03963
0.4751,-0.06355
0.4779,-0.06941
0.4807,-0.04316
0.4835,-0.05988
0.4862,-0.01456
0.489,-0.07644
0.4918,-0.02254
0.4946,-0.07439
0.4974,0.1709
0.5001,1.13046
0.5029,0.32556
0.5057,-0.04886
0.5085,-0.07942
0.5113,-0.0507
0.514,-0.03792
0.5168,-0.08405
0.5196,-0.08256
0.5224,-0.05238
0.5251,-0.10118
0.5279,-0.09573
0.5307,-0.08273
0.5335,-0.07189
0.5363,-0.07891
0.539,-0.10292
0.5418,-0.07039
0.5446,-0.09304
0.5474,-0.07662
0.5502,-0.08004
0.5529,-0.10902
0.5557,-0.09203
0.5585,-0.08638
0.5613,-0.01859
0.564,-0.10759
0.5668,-0.08278
0.5696,-0.11606
0.5724,-0.10954
0.5752,-0.07446
0.5779,-0.08106
0.5807,-0.0895
0.5835,-0.05538
0.5863,-0.09509
0.5891,-0.11536
0.5918,-0.12375
0.5946,-0.08395
0.5974,-0.12474
0.6002,-0.14384
0.6029,-0.09566
0.6057,-0.11627
0.6085,-0.09953
0.6113,-0.06279
0.6141,-0.08354
0.6168,-0.1239
0.6196,-0.09533
0.6224,-0.09287
0.6252,-0.10856
0.628,-0.10327
0.6307,-0.10247
0.6335,-0.09991
0.6363,-0.1217
0.6391,-0.11172
0.6418,-0.13297
0.6446,-0.08391
0.6474,-0.14352
0.6502,-0.0755
0.653,-0.10302
0.6557,-0.10594
0.6585,-0.10743
0.6613,-0.0926
0.6641,-0.10267
0.6669,-0.13609
0.6696,-0.11212
0.6724,-0.06053
0.6752,-0.06777
0.678,-0.11147
0.6807,-0.13666
0.6835,-0.0887
0.6863,-0.10262
0.6891,-0.08915
0.6919,-0.07444
0.6946,-0.06811
0.6974,-0.0695
0.7002,-0.11384
0.703,-0.05166
0.7058,-0.08114
0.7085,-0.09634
0.7113,-0.05074
0.7141,-0.09448
0.7169,-0.0929
0.7196,-0.05363
0.7224,-0.05596
0.7252,-0.0452
0.728,-0.08721
0.7308,-0.05194
0.7335,-0.08425
0.7363,-0.0551
0.7391,-0.0503
0.7419,-0.07138
0.7447,-0.06158
0.7474,-0.08472
0.7502,-0.09032
0.753,-0.07938
0.7558,-0.03265
0.7585,-0.03765
0.7613,-0.06154
0.7641,-0.06472
0.7669,-0.06581
0.7697,-0.04881
0.7724,-0.07255
0.7752,-0.0073
0.778,-0.05136
0.7808,-0.04603
0.7836,-0.04173
0.7863,-0.02761
0.7891,-0.05446
0.7919,-0.01201
0.7947,-0.03534
0.7974,-0.01042
0.8002,-0.02334
0.803,-0.06315
0.8058,-0.00841
0.8086,-0.00602
0.8113,0.01992
0.8141,-0.00577
0.8169,-0.00302
0.8197,0.02225
0.8225,-0.01274
0.8252,0.00358
0.828,-0.00784
0.8308,0.03998
0.8336,-0.00294
0.8363,-0.00872
0.8391,-0.00281
0.8419,-0.00813
0.8447,0.0491
0.8475,0.0139
0.8502,0.01665
0.853,0.04552
0.8558,-0.00072
0.8586,0.01267
0.8614,0.01335
0.8641,0.0367
0.8669,0.02618
0.8697,-0.01179
0.8725,0.04072
0.8752,0.02181
0.878,0.05426
0.8808,0.03802
0.8836,0.04721
0.8864,0.00344
0.8891,0.02649
0.8919,0.04473
0.8947,0.04002
0.8975,0.06632
0.9003,0.03
0.903,0.02332
0.9058,0.02678
0.9086,0.0321
0.9114,0.03921
0.9141,0.08525
0.9169,0.04958
0.9197,0.04181
0.9225,0.04844
0.9253,0.08499
0.928,0.08438
0.9308,0.0708
0.9336,0.08405
0.9364,0.10355
0.9391,0.05621
0.9419,0.11276
0.9447,0.06708
0.9475,0.0938
0.9503,0.11274
0.953,0.07277
0.9558,0.0498
0.9586,0.06557
0.9614,0.06034
0.9642,0.10102
0.9669,0.06117
0.9697,0.11775
0.9725,0.07229
0.9753,0.08181
0.978,0.10416
0.9808,0.10837
0.9836,0.08751
0.9864,0.09569
0.9892,0.07702
0.9919,0.07892
0.9947,0.08618
0.9975,0.08116
1.0003,0.12537
1.0031,0.09806
1.0058,0.08756
1.0086,0.0809
1.0114,0.12838
1.0142,0.08665
1.0169,0.10476
1.0197,0.12496
1.0225,0.14612
1.0253,0.07249
1.0281,0.10383
1.0308,0.09961
1.0336,0.12655
1.0364,0.13867
1.0392,0.10744
1.042,0.09526
1.0447,0.10137
1.0475,0.13141
1.0503,0.07787
1.0531,0.10838
1.0558,0.08637
1.0586,0.08551
1.0614,0.09759
1.0642,0.07214
1.067,0.08435
1.0697,0.105
1.0725,0.11448
1.0753,0.06874
1.0781,0.11237
1.0809,0.13394
1.0836,0.05002
1.0864,0.1173
1.0892,0.09532
1.092,0.0981
1.0947,0.16584
1.0975,0.09833
1.1003,0.12079
1.1031,0.04525
1.1059,0.10606
1.1086,0.09174
1.1114,0.09431
1.1142,0.09677
1.117,0.10869
1.1198,0.06661
1.1225,0.07699
1.1253,0.0654
1.1281,0.10867
1.1309,0.09471
1.1336,0.05512
1.1364,0.05714
1.1392,0.0613
1.142,0.09447
1.1448,0.06425
1.1475,0.06875
1.1503,0.04582
1.1531,0.0498
1.1559,0.0681
1.1587,0.05689
1.1614,0.06225
1.1642,0.05471
1.167,0.07254
1.1698,0.05076
1.1725,0.06072
1.1753,0.0686
1.1781,0.0663
1.1809,0.06229
1.1837,0.07177
1.1864,0.02506
1.1892,0.04204
1.192,0.02112
1.1948,0.04524
1.1976,0.01998
1.2003,0.0636
1.2031,0.05332
1.2059,0.02542
1.2087,0.02603
1.2114,0.03005
1.2142,0.01595
1.217,0.04143
1.2198,0.05943
1.2226,0.00151
1.2253,0.04808
1.2281,-0.00542
1.2309,0.01228
1.2337,-0.01083
1.2365,0.04032
1.2392,0.01101
1.242,-0.01269
1.2448,-0.00102
1.2476,-0.03607
1.2503,-0.00643
1.2531,-0.02602
1.2559,-0.0211
1.2587,-0.02161
1.2615,-0.04142
1.2642,0.00119
1.267,-0.0218
1.2698,0.03248
1.2726,-0.01759
1.2754,-0.03159
1.2781,-0.00759
1.2809,-0.00956
1.2837,-0.04547
1.2865,-0.0104
1.2892,-0.03647
1.292,-0.02144
1.2948,-0.07983
1.2976,-0.06049
1.3004,-0.0166
1.3031,-0.00428
1.3059,-0.04268
1.3087,-0.04165
1.3115,-0.04744
1.3143,-0.06868
1.317,-0.05016
1.3198,-0.08668
1.3226,-0.10473
1.3254,0.17143
1.3281,1.1213
1.3309,0.38616
1.3337,-0.06289
1.3365,-0.04385
1.3393,-0.02185
1.342,-0.06324
1.3448,-0.05797
1.3476,-0.04495
1.3504,-0.08147
1.3532,-0.06947
1.3559,-0.05612
1.3587,-0.0733
1.3615,-0.07096
1.3643,-0.09087
1.367,-0.11429
1.3698,-0.06735
1.3726,-0.06895
1.3754,-0.08701
1.3782,-0.05732
1.3809,-0.09074
1.3837,-0.09319
1.3865,-0.11938
1.3893,-0.08455
1.3921,-0.09977
1.3948,-0.06979
1.3976,-0.07188
1.4004,-0.11282
1.4032,-0.09461
1.4059,-0.08195
1.4087,-0.10223
1.4115,-0.07658
1.4143,-0.09859
1.4171,-0.08903
1.4198,-0.09752
1.4226,-0.08096
1.4254,-0.1017
1.4282,-0.08953
1.431,-0.09112
1.4337,-0.1231
1.4365,-0.08407
1.4393,-0.07058
1.4421,-0.11462
1.4448,-0.10948
1.4476,-0.09804
1.4504,-0.12976
1.4532,-0.09811
1.456,-0.0941
1.4587,-0.06549
1.4615,-0.05362
1.4643,-0.07244
1.4671,-0.09608
1.4699,-0.10878
1.4726,-0.08928
1.4754,-0.10359
1.4782,-0.07765
1.481,-0.09674
1.4837,-0.10258
1.4865,-0.09777
1.4893,-0.08778
1.4921,-0.10376
1.4949,-0.10968
1.4976,-0.07312
1.5004,-0.11755
1.5032,-0.11104
1.506,-0.08719
1.5088,-0.07113
1.5115,-0.11295
1.5143,-0.12828
1.5171,-0.0988
1.5199,-0.04972
1.5226,-0.11702
1.5254,-0.07876
1.5282,-0.08246
1.531,-0.08127
1.5338,-0.10723
1.5365,-0.09257
1.5393,-0.06074
1.5421,-0.0781
1.5449,-0.06632
1.5477,-0.11084
1.5504,-0.08919
1.5532,-0.06346
1.556,-0.08725
1.5588,-0.061
1.5615,-0.05675
1.5643,-0.06928
1.5671,-0.09878
1.5699,-0.06532
1.5727,-0.05188
1.5754,-0.09292
1.5782,-0.07933
1.581,-0.01505
1.5838,-0.07352
1.5866,-0.05884
1.5893,-0.05645
1.5921,-0.08437
1.5949,-0.05937
1.5977,-0.04831
1.6004,-0.02568
1.6032,-0.0784
1.606,-0.05223
1.6088,-0.04721
1.6116,-0.027
1.6143,-0.06494
1.6171,-0.0729
1.6199,-0.04062
1.6227,-0.02091
1.6255,-0.04609
1.6282,-0.02909
1.631,0.02857
1.6338,-0.0107
1.6366,-0.0093
1.6393,-0.01493
1.6421,-0.04271
1.6449,-0.03932
1.6477,-0.01196
1.6505,-0.04195
1.6532,-0.01733
1.656,-0.02796
1.6588,0.01544
1.6616,0.03532
1.6644,-0.03012
1.6671,0.0212
1.6699,0.00954
1.6727,0.06137
1.6755,0.03065
1.6782,-0.03087
1.681,0.02378
1.6838,0.01407
1.6866,0.01132
1.6894,0.02156
1.6921,0.03474
1.6949,0.00509
1.6977,0.02784
1.7005,0.02736
1.7033,0.05849
1.706,0.04031
1.7088,0.02993
1.7116,0.05738
1.7144,0.04226
1.7171,-0.00323
1.7199,0.06357
1.7227,0.08718
1.7255,0.00534
1.7283,0.04671
1.731,0.06716
1.7338,0.02847
1.7366,0.05044
1.7394,0.03117
1.7422,0.03647
1.7449,0.06446
1.7477,0.05331
1.7505,0.04452
1.7533,0.07185
1.756,0.06945
1.7588,0.0603
1.7616,0.08179
1.7644,0.09633
1.7672,0.09316
1.7699,0.1021
1.7727,0.08176
1.7755,0.09062
1.7783,0.07616
1.7811,0.04732
1.7838,0.08375
1.7866,0.07142
1.7894,0.06981
1.7922,0.10937
1.7949,0.07982
1.7977,0.07408
1.8005,0.06968
1.8033,0.10885
1.8061,0.11581
1.8088,0.08752
1.8116,0.0865
1.8144,0.08617
1.8172,0.07445
1.8199,0.08553
1.8227,0.08232
1.8255,0.1091
1.8283,0.10117
1.8311,0.09018
1.8338,0.1013
1.8366,0.1004
1.8394,0.05641
1.8422,0.11811
1.845,0.10107
1.8477,0.10236
1.8505,0.10125
1.8533,0.11076
1.8561,0.10828
1.8588,0.11237
1.8616,0.09337
1.8644,0.07378
1.8672,0.06749
1.87,0.11607
1.8727,0.08675
1.8755,0.08978
1.8783,0.10261
1.8811,0.06522
1.8839,0.09242
1.8866,0.10258
1.8894,0.10551
1.8922,0.15575
1.895,0.10328
1.8977,0.06726
1.9005,0.10231
1.9033,0.09055
1.9061,0.09764
1.9089,0.12102
1.9116,0.09507
1.9144,0.14115
1.9172,0.10802
1.92,0.09615
1.9228,0.13335
1.9255,0.105
1.9283,0.10777
1.9311,0.07529
1.9339,0.08404
1.9366,0.11016
1.9394,0.06691
1.9422,0.08666
1.945,0.08897
1.9478,0.11465
1.9505,0.07627
1.9533,0.08544
1.9561,0.07652
1.9589,0.05864
1.9617,0.06439
1.9644,0.06875
1.9672,0.0721
1.97,0.07238
1.9728,0.05338
1.9755,0.04709
1.9783,0.09581
1.9811,0.06684
1.9839,0.06931
1.9867,0.10213
1.9894,0.0642
1.9922,0.05595
1.995,0.09655
1.9978,0.03628
2.0006,0.0452
2.0033,0.07916
2.0061,0.06619
2.0089,0.03645
2.0117,0.02432
2.0144,0.0192
2.0172,0.02357
2.02,0.07508
2.0228,0.05428
2.0256,0.04565
2.0283,0.01425
2.0311,0.01105
2.0339,0.02123
2.0367,0.02426
2.0395,0.045
2.0422,0.0351
2.045,0.04855
2.0478,0.02503
2.0506,0.0014
2.0533,0.01406
2.0561,0.02265
2.0589,0.02442
2.0617,0.03526
2.0645,0.00572
2.0672,0.03474
2.07,-0.00222
2.0728,0.00193
2.0756,-0.02929
2.0784,0.00389
2.0811,-0.00671
2.0839,-0.0017
2.0867,-0.01012
2.0895,-0.02296
2.0922,-0.04309
2.095,-0.00559
2.0978,-0.00761
2.1006,0.00663
2.1034,-0.0214
2.1061,-0.02139
2.1089,-0.00778
2.1117,-0.04981
2.1145,-0.07588
2.1173,-0.02489
2.12,-0.01515
2.1228,-0.02792
2.1256,-0.0181
2.1284,-0.03156
2.1311,-0.021
2.1339,-0.02219
2.1367,-0.01764
2.1395,-0.01653
2.1423,-0.05197
2.145,-0.05663
2.1478,-0.03629
2.1506,-0.04937
2.1534,-0.01728
2.1562,0.15424
2.1589,1.17571
2.1617,0.30626
2.1645,-0.07177
2.1673,-0.07822
2.17,-0.07254
2.1728,-0.03813
2.1756,-0.05803
2.1784,-0.06042
2.1812,-0.05197
2.1839,-0.05642
2.1867,-0.05816
2.1895,-0.09594
2.1923,-0.08094
2.1951,-0.07187
2.1978,-0.06451
2.2006,-0.0576
2.2034,-0.09062
2.2062,-0.07858
2.2089,-0.08753
2.2117,-0.07832
2.2145,-0.10562
2.2173,-0.10503
2.2201,-0.08127
2.2228,-0.11184
2.2256,-0.0847
2.2284,-0.08493
2.2312,-0.07636
2.234,-0.07115
2.2367,-0.07763
2.2395,-0.10469
2.2423,-0.08678
2.2451,-0.09995
2.2478,-0.08627
2.2506,-0.07344
2.2534,-0.07934
2.2562,-0.08955
2.259,-0.08403
2.2617,-0.07185
2.2645,-0.10951
2.2673,-0.09437
2.2701,-0.09805
2.2729,-0.13672
2.2756,-0.10436
2.2784,-0.10519
2.2812,-0.11238
2.284,-0.08961
2.2867,-0.09829
2.2895,-0.11455
2.2923,-0.09184
2.2951,-0.1153
2.2979,-0.12041
2.3006,-0.1064
2.3034,-0.06431
2.3062,-0.12887
2.309,-0.11029
2.3118,-0.06922
2.3145,-0.12436
2.3173,-0.10285
2.3201,-0.07839
2.3229,-0.11235
2.3256,-0.10527
2.3284,-0.11754
2.3312,-0.10836
2.334,-0.12033
2.3368,-0.10038
2.3395,-0.06477
2.3423,-0.06935
2.3451,-0.10809
2.3479,-0.06703
2.3507,-0.08545
2.3534,-0.08221
2.3562,-0.10258
2.359,-0.12201
2.3618,-0.10828
2.3645,-0.13321
2.3673,-0.10165
2.3701,-0.07385
2.3729,-0.11148
2.3757,-0.08425
2.3784,-0.10458
2.3812,-0.09717
2.384,-0.07982
2.3868,-0.06591
2.3896,-0.07007
2.3923,-0.08629
2.3951,-0.06281
2.3979,-0.08546
2.4007,-0.05109
2.4034,-0.0823
2.4062,-0.06054
2.409,-0.06941
2.4118,-0.06137
2.4146,-0.09441
2.4173,-0.0483
2.4201,-0.0549
2.4229,-0.07405
2.4257,-0.07886
2.4285,-0.04942
2.4312,-0.04748
2.434,-0.01843
2.4368,-0.04592
2.4396,-0.03152
2.4423,-0.0238
2.4451,-0.05525
2.4479,-0.0501
2.4507,-0.06128
2.4535,-0.03089
2.4562,-0.01697
2.459,-0.04908
2.4618,-0.0152
2.4646,-0.05423
2.4674,0.01128
2.4701,-0.02225
2.4729,-0.01788
2.4757,-0.01018
2.4785,-0.01455
2.4812,0.00386
2.484,0.03469
2.4868,0.00953
2.4896,-0.01273
2.4924,-0.01986
2.4951,0.03118
2.4979,-0.01842
2.5007,-0.04321
2.5035,-0.06918
2.5063,0.02904
2.509,-0.008
2.5118,-0.01344
2.5146,-0.00158
2.5174,-0.01782
2.5201,0.01996
2.5229,0.01005
2.5257,-0.01944
2.5285,0.03117
2.5313,0.04557
2.534,0.02881
2.5368,0.05037
2.5396,0.033
2.5424,0.02373
2.5452,0.03139
2.5479,0.06151
2.5507,0.05228
2.5535,0.04236
2.5563,0.02155
2.559,0.02254
2.5618,0.04134
2.5646,0.05065
2.5674,0.06309
2.5702,0.05772
2.5729,0.06856
2.5757,0.06356
2.5785,0.08134
2.5813,0.06859
2.5841,0.04311
2.5868,0.05463
2.5896,0.01025
2.5924,0.05392
2.5952,0.03071
2.5979,0.06853
2.6007,0.06498
2.6035,0.09459
2.6063,0.07761
2.6091,0.06956
2.6118,0.08895
2.6146,0.11549
2.6174,0.07516
2.6202,0.07875
2.623,0.07179
2.6257,0.104
2.6285,0.11064
2.6313,0.09838
2.6341,0.11839
2.6368,0.12984
2.6396,0.09662
2.6424,0.06858
2.6452,0.10477
2.648,0.06076
2.6507,0.05452
2.6535,0.10016
2.6563,0.08086
2.6591,0.11286
2.6619,0.07238
2.6646,0.07798
2.6674,0.09869
2.6702,0.11134
2.673,0.09887
2.6757,0.11566
2.6785,0.10469
2.6813,0.06993
2.6841,0.10767
2.6869,0.06671
2.6896,0.09993
2.6924,0.1428
2.6952,0.12458
2.698,0.0642
2.7008,0.12043
2.7035,0.13412
2.7063,0.09608
2.7091,0.13122
2.7119,0.12714
2.7146,0.12005
2.7174,0.08112
2.7202,0.12679
2.723,0.08256
2.7258,0.06901
2.7285,0.0922
2.7313,0.08061
2.7341,0.09256
2.7369,0.07493
2.7396,0.10622
2.7424,0.13977
2.7452,0.09121
2.748,0.06438
2.7508,0.08878
2.7535,0.07542
2.7563,0.06877
2.7591,0.09863
2.7619,0.07693
2.7647,0.07999
2.7674,0.07801
2.7702,0.07699
2.773,0.09294
2.7758,0.08266
2.7785,0.09324
2.7813,0.11509
2.7841,0.08384
2.7869,0.08318
2.7897,0.10264
2.7924,0.05886
2.7952,0.0229
2.798,0.07537
2.8008,0.07369
2.8036,0.0697
2.8063,0.08018
2.8091,0.06492
2.8119,0.05092
2.8147,0.07743
2.8174,0.07987
2.8202,0.07686
2.823,0.08345
2.8258,0.07887
2.8286,0.05842
2.8313,0.04902
2.8341,0.03808
2.8369,0.05337
2.8397,0.09075
2.8425,0.02315
2.8452,0.05448
2.848,0.03496
2.8508,0.09105
2.8536,0.05591
2.8563,0.03732
2.8591,0.05563
2.8619,0.05725
2.8647,0.03411
2.8675,0.02601
2.8702,0.05904
2.873,0.03752
2.8758,0.08813
2.8786,0.04287
2.8814,0.02818
2.8841,-0.01427
2.8869,0.02268
2.8897,0.00464
2.8925,0.00924
2.8952,0.04309
2.898,-0.01996
2.9008,0.00644
2.9036,0.00674
2.9064,0.02663
2.9091,-0.03793
2.9119,0.01276
2.9147,-0.01878
2.9175,0.00091
2.9203,0.00047
2.923,0.00403
2.9258,0.01744
2.9286,-0.00957
2.9314,-0.03272
2.9341,0.01455
2.9369,-0.00025
2.9397,-0.03906
2.9425,0.01454
2.9453,-0.02173
2.948,-0.02764
2.9508,-0.03039
2.9536,-0.07411
2.9564,-0.0263
2.9592,-0.05936
2.9619,-0.03162
2.9647,-0.01919
2.9675,-0.03912
2.9703,-0.09239
2.973,-0.02375
2.9758,-0.04059
2.9786,-0.05205
2.9814,-0.01462
2.9842,-0.07502
2.9869,0.14567
2.9897,1.13066
2.9925,0.36278
2.9953,-0.05005
2.9981,-0.04846
3.0008,-0.0634
3.0036,-0.07261
3.0064,-0.04404
3.0092,-0.06477
3.0119,-0.06225
3.0147,-0.03439
3.0175,-0.07097
3.0203,-0.06766
3.0231,-0.0506
3.0258,-0.05694
3.0286,-0.05422
3.0314,-0.09324
3.0342,-0.06939
3.037,-0.07517
3.0397,-0.08145
3.0425,-0.05802
3.0453,-0.05435
3.0481,-0.10736
3.0508,-0.10845
3.0536,-0.06952
3.0564,-0.07595
3.0592,-0.0695
3.062,-0.06237
3.0647,-0.12232
3.0675,-0.13487
3.0703,-0.10364
3.0731,-0.09476
3.0759,-0.07369
3.0786,-0.08627
3.0814,-0.11303
3.0842,-0.11486
3.087,-0.07671
3.0897,-0.08183
3.0925,-0.07662
3.0953,-0.11722
3.0981,-0.10725
3.1009,-0.11777
3.1036,-0.08019
3.1064,-0.10279
3.1092,-0.12098
3.112,-0.08714
3.1148,-0.08741
3.1175,-0.07646
3.1203,-0.09039
3.1231,-0.1373
3.1259,-0.07573
3.1286,-0.09666
3.1314,-0.10303
3.1342,-0.09606
3.137,-0.07995
3.1398,-0.08995
3.1425,-0.10711
3.1453,-0.13003
3.1481,-0.13694
3.1509,-0.09533
3.1537,-0.14633
3.1564,-0.09612
3.1592,-0.05517
3.162,-0.1057
3.1648,-0.1201
3.1675,-0.08346
3.1703,-0.13497
3.1731,-0.1048
3.1759,-0.1013
3.1787,-0.10218
3.1814,-0.09247
3.1842,-0.12478
3.187,-0.06834
3.1898,-0.12664
3.1926,-0.07614
3.1953,-0.06753
3.1981,-0.10257
3.2009,-0.06637
3.2037,-0.06681
3.2064,-0.09244
3.2092,-0.11648
3.212,-0.09306
3.2148,-0.08179
3.2176,-0.08652
3.2203,-0.06208
3.2231,-0.07977
3.2259,-0.12363
3.2287,-0.08054
3.2315,-0.05334
3.2342,-0.08989
3.237,-0.07711
3.2398,-0.08545
3.2426,-0.10995
3.2453,-0.0687
3.2481,-0.06317
3.2509,-0.07579
3.2537,-0.0187
3.2565,-0.07685
3.2592,-0.04568
3.262,-0.03929
3.2648,9e-05
3.2676,-0.03501
3.2704,-0.034
3.2731,-0.05871
3.2759,-0.05884
3.2787,-0.03324
3.2815,-0.02588
3.2842,-0.05256
3.287,-0.02483
3.2898,-0.03959
3.2926,-0.00875
3.2954,-0.01939
3.2981,0.00909
3.3009,-0.02697
3.3037,-0.01907
3.3065,-0.02025
3.3093,-0.03904
3.312,-0.00943
3.3148,-0.03704
3.3176,-0.0382
3.3204,-0.04142
3.3231,0.02116
3.3259,-0.01688
3.3287,-0.00862
3.3315,-0.04492
3.3343,-0.0178
3.337,0.00357
3.3398,-0.0333
3.3426,0.00084
3.3454,0.03245
3.3482,0.03098
3.3509,-0.01646
3.3537,0.0467
3.3565,0.0073
3.3593,0.01685
3.362,-0.01952
3.3648,0.02611
3.3676,0.02113
3.3704,-0.01557
3.3732,0.04125
3.3759,0.01015
3.3787,0.00079
3.3815,0.04494
3.3843,0.03942
3.3871,0.02738
3.3898,0.0241
3.3926,0.06816
3.3954,0.02405
3.3982,0.00117
3.4009,0.0772
3.4037,0.04352
3.4065,0.0443
3.4093,0.03975
3.4121,0.03944
3.4148,0.04604
3.4176,0.01985
3.4204,0.0361
3.4232,0.04006
3.426,0.06585
3.4287,0.08572
3.4315,0.0274
3.4343,0.07755
3.4371,0.08388
3.4398,0.1051
3.4426,0.04448
3.4454,0.09344
3.4482,0.06194
3.451,0.07761
3.4537,0.05751
3.4565,0.07253
3.4593,0.12347
3.4621,0.08666
3.4649,0.07658
3.4676,0.09015
3.4704,0.09958
3.4732,0.11705
3.476,0.07457
3.4787,0.09215
3.4815,0.067
3.4843,0.08584
3.4871,0.08839
3.4899,0.09346
3.4926,0.08471
3.4954,0.08864
3.4982,0.12215
3.501,0.08909
3.5038,0.09507
3.5065,0.07874
3.5093,0.09195
3.5121,0.0804
3.5149,0.094
3.5176,0.13308
3.5204,0.09822
3.5232,0.07414
3.526,0.06024
3.5288,0.10321
3.5315,0.09278
3.5343,0.08652
3.5371,0.1005
3.5399,0.06426
3.5427,0.1262
3.5454,0.10791
3.5482,0.10588
3.551,0.08905
3.5538,0.10701
3.5565,0.08452
3.5593,0.168
3.5621,0.1207
3.5649,0.0911
3.5677,0.10766
3.5704,0.06876
3.5732,0.09184
3.576,0.08017
3.5788,0.0966
3.5816,0.0545
3.5843,0.08118
3.5871,0.08281
3.5899,0.07841
3.5927,0.11674
3.5954,0.09754
3.5982,0.07075
3.601,0.11809
3.6038,0.064
3.6066,0.11016
3.6093,0.09211
3.6121,0.0899
3.6149,0.07558
3.6177,0.07888
3.6205,0.09282
3.6232,0.07035
3.626,0.09695
3.6288,0.10594
3.6316,0.09254
3.6343,0.05016
3.6371,0.10412
3.6399,0.06418
3.6427,0.07512
3.6455,0.0709
3.6482,0.05521
3.651,0.05947
3.6538,0.06349
3.6566,0.02799
3.6593,0.03018
3.6621,0.02521
3.6649,0.06509
3.6677,0.03039
3.6705,0.07108
3.6732,0.00265
3.676,0.04786
3.6788,0.04027
3.6816,0.04003
3.6844,0.04841
3.6871,0.0183
3.6899,0.03018
3.6927,0.06859
3.6955,0.02695
3.6982,0.04444
3.701,0.06486
3.7038,0.02829
3.7066,0.04256
3.7094,0.02864
3.7121,0.02991
3.7149,0.03029
3.7177,0.03726
3.7205,0.02738
3.7233,0.01818
3.726,0.00887
3.7288,0.02454
3.7316,0.02675
3.7344,0.01049
3.7371,0.01704
3.7399,0.00506
3.7427,-0.02101
3.7455,0.0045
3.7483,-0.00298
3.751,-0.00836
3.7538,-0.01191
3.7566,0.00931
3.7594,0.00816
3.7622,-0.00885
3.7649,0.01194
3.7677,-0.00872
3.7705,-0.01707
3.7733,-0.02598
3.776,0.03061
3.7788,-0.00315
3.7816,-0.06221
3.7844,-0.04772
3.7872,-0.03966
3.7899,-0.01467
3.7927,-0.05704
3.7955,-0.03425
3.7983,-0.04884
3.8011,-0.03877
3.8038,-0.0537
3.8066,-0.07558
3.8094,0.00885
3.8122,-0.07766
3.8149,-0.01694
3.8177,0.15096
3.8205,1.12593
3.8233,0.33069
3.8261,-0.03849
3.8288,-0.06362
3.8316,-0.04009
3.8344,-0.06338
3.8372,-0.03475
3.84,-0.06787
3.8427,-0.03032
3.8455,-0.04564
3.8483,-0.04889
3.8511,-0.10505
3.8538,-0.06033
3.8566,-0.09406
3.8594,-0.06769
3.8622,-0.04382
3.865,-0.06554
3.8677,-0.0805
3.8705,-0.07883
3.8733,-0.05113
3.8761,-0.08092
3.8789,-0.0891
3.8816,-0.06855
3.8844,-0.06167
3.8872,-0.06637
3.89,-0.09144
3.8927,-0.078
3.8955,-0.1123
3.8983,-0.09119
3.9011,-0.15864
3.9039,-0.06169
3.9066,-0.08657
3.9094,-0.06839
3.9122,-0.10595
3.915,-0.09603
3.9178,-0.09752
3.9205,-0.05198
3.9233,-0.08818
3.9261,-0.10791
3.9289,-0.0548
3.9316,-0.07454
3.9344,-0.10123
3.9372,-0.11137
3.94,-0.08853
3.9428,-0.08994
3.9455,-0.11215
3.9483,-0.12012
3.9511,-0.10875
3.9539,-0.07741
3.9567,-0.08308
3.9594,-0.10321
3.9622,-0.09017
3.965,-0.09017
3.9678,-0.08536
3.9705,-0.13744
3.9733,-0.1285
3.9761,-0.0783
3.9789,-0.08317
3.9817,-0.10458
3.9844,-0.09355
3.9872,-0.09508
3.99,-0.07084
3.9928,-0.12377
3.9956,-0.08761
3.9983,-0.09948
4.0011,-0.08199
4.0039,-0.12349
4.0067,-0.10786
4.0094,-0.10863
4.0122,-0.06961
4.015,-0.10345
4.0178,-0.0918
4.0206,-0.0632
4.0233,-0.08576
4.0261,-0.11099
4.0289,-0.10239
4.0317,-0.10633
4.0345,-0.09342
4.0372,-0.10119
4.04,-0.07806
4.0428,-0.06891
4.0456,-0.10973
4.0483,-0.0475
4.0511,-0.09681
4.0539,-0.07746
4.0567,-0.08259
4.0595,-0.11835
4.0622,-0.05133
4.065,-0.08149
4.0678,-0.10484
4.0706,-0.0491
4.0734,-0.01444
4.0761,-0.03733
4.0789,-0.05152
4.0817,-0.05761
4.0845,-0.05394
4.0872,-0.04917
4.09,-0.08115
4.0928,-0.02846
4.0956,-0.09259
4.0984,-0.09847
4.1011,-0.06336
4.1039,-0.0807
4.1067,0.00365
4.1095,-0.03751
4.1123,-0.05914
4.115,-0.04414
4.1178,-0.02377
4.1206,-0.06057
4.1234,-0.00788
4.1261,-0.01831
4.1289,-0.02071
4.1317,-0.03354
4.1345,-0.01584
4.1373,-0.00413
4.14,-0.00892
4.1428,0.00359
4.1456,-0.0505
4.1484,-0.01147
4.1512,-0.05728
4.1539,-0.02535
4.1567,-0.00174
4.1595,0.0402
4.1623,0.00473
4.165,0.01632
4.1678,-0.0437
4.1706,0.02892
4.1734,0.03909
4.1762,0.01147
4.1789,-0.02291
4.1817,0.0321
4.1845,-0.01548
4.1873,0.01381
4.1901,0.01723
4.1928,0.00675
4.1956,0.04779
4.1984,0.05154
4.2012,0.02895
4.2039,0.05562
4.2067,0.0195
4.2095,0.02419
4.2123,0.03785
4.2151,0.02049
4.2178,0.0114
4.2206,0.09504
4.2234,0.07607
4.2262,0.05594
4.229,0.05977
4.2317,0.0604
4.2345,0.03497
4.2373,0.05524
4.2401,0.01955
4.2428,0.06536
4.2456,0.05214
4.2484,0.04233
4.2512,0.08001
4.254,0.03724
4.2567,0.03479
4.2595,0.04397
4.2623,0.0554
4.2651,0.0954
4.2679,0.03082
4.2706,0.06161
4.2734,0.10457
4.2762,0.06541
4.279,0.10746
4.2817,0.06781
4.2845,0.0679
4.2873,0.04327
4.2901,0.08543
4.2929,0.08391
4.2956,0.07843
4.2984,0.08073
4.3012,0.08788
4.304,0.08398
4.3068,0.11908
4.3095,0.08649
4.3123,0.10812
4.3151,0.0907
4.3179,0.11236
4.3206,0.07027
4.3234,0.08766
4.3262,0.08325
4.329,0.11992
4.3318,0.07719
4.3345,0.09898
4.3373,0.07131
4.3401,0.1023
4.3429,0.1038
4.3457,0.07028
4.3484,0.10658
4.3512,0.052
4.354,0.10262
4.3568,0.12213
4.3595,0.13662
4.3623,0.10137
4.3651,0.09845
4.3679,0.10349
4.3707,0.08111
4.3734,0.1078
4.3762,0.12335
4.379,0.05917
4.3818,0.09532
4.3846,0.10394
4.3873,0.09483
4.3901,0.1082
4.3929,0.1012
4.3957,0.09497
4.3984,0.11312
4.4012,0.08366
4.404,0.09936
4.4068,0.10487
4.4096,0.08132
4.4123,0.10554
4.4151,0.11554
4.4179,0.08918
4.4207,0.07134
4.4235,0.08417
4.4262,0.06868
4.429,0.1189
4.4318,0.08719
4.4346,0.06634
4.4373,0.10044
4.4401,0.07843
4.4429,0.06451
4.4457,0.07623
4.4485,0.05646
4.4512,0.09421
4.454,0.03808
4.4568,0.09883
4.4596,0.07738
4.4624,0.10304
4.4651,0.06707
4.4679,0.12166
4.4707,0.09472
4.4735,0.04821
4.4762,0.09248
4.479,0.05848
4.4818,0.05574
4.4846,0.08491
4.4874,0.07136
4.4901,0.07073
4.4929,0.08865
4.4957,0.02347
4.4985,0.03958
4.5013,0.03412
4.504,0.07058
4.5068,0.07525
4.5096,0.04103
4.5124,0.08229
4.5151,0.05271
4.5179,0.05226
4.5207,0.03739
4.5235,0.01287
4.5263,0.04159
4.529,0.03167
4.5318,0.02577
4.5346,0.02124
4.5374,0.04008
4.5402,0.02809
4.5429,0.04589
4.5457,0.0446
4.5485,0.01893
4.5513,0.04993
4.554,0.04221
4.5568,0.03645
4.5596,0.02573
4.5624,0.02951
4.5652,-0.00081
4.5679,0.00076
4.5707,0.00776
4.5735,0.03232
4.5763,0.01084
4.579,0.00396
4.5818,-0.02776
4.5846,-0.00186
4.5874,0.02738
4.5902,0.04495
4.5929,0.02657
4.5957,-0.00244
4.5985,0.00441
4.6013,-0.00489
4.6041,-0.03465
4.6068,-0.03335
4.6096,-0.01181
4.6124,-0.04392
4.6152,-0.01505
4.6179,-0.0272
4.6207,0.01238
4.6235,-0.00632
4.6263,-0.03223
4.6291,-0.02397
4.6318,-0.04675
4.6346,-0.02786
4.6374,-0.04629
4.6402,-0.03
4.643,-0.01326
4.6457,-0.02957
4.6485,0.17279
4.6513,1.15573
4.6541,0.34422
4.6568,-0.05474
4.6596,-0.05163
4.6624,-0.07753
4.6652,-0.041
4.668,-0.07628
4.6707,-0.05882
4.6735,-0.06899
4.6763,-0.06244
4.6791,-0.05872
4.6819,-0.04255
4.6846,-0.05513
4.6874,-0.06863
4.6902,-0.06255
4.693,-0.07021
4.6957,-0.0622
4.6985,-0.0903
4.7013,-0.101
4.7041,-0.07508
4.7069,-0.12258
4.7096,-0.09271
4.7124,-0.07443
4.7152,-0.07936
4.718,-0.05349
4.7208,-0.10972
4.7235,-0.09076
4.7263,-0.07408
4.7291,-0.10918
4.7319,-0.06537
4.7346,-0.04916
4.7374,-0.10546
4.7402,-0.07785
4.743,-0.09256
4.7458,-0.10693
4.7485,-0.07938
4.7513,-0.06438
4.7541,-0.11883
4.7569,-0.12551
4.7597,-0.08177
4.7624,-0.06231
4.7652,-0.1162
4.768,-0.09696
4.7708,-0.09121
4.7735,-0.14828
4.7763,-0.07566
4.7791,-0.09149
4.7819,-0.1368
4.7847,-0.06097
4.7874,-0.08342
4.7902,-0.10948
4.793,-0.11662
4.7958,-0.11467
4.7986,-0.08352
4.8013,-0.13819
4.8041,-0.15476
4.8069,-0.13174
4.8097,-0.07818
4.8124,-0.07732
4.8152,-0.09448
4.818,-0.07528
4.8208,-0.10477
4.8236,-0.09487
4.8263,-0.13377
4.8291,-0.11671
4.8319,-0.10307
4.8347,-0.09231
4.8375,-0.10189
4.8402,-0.06545
4.843,-0.13016
4.8458,-0.09397
4.8486,-0.07821
4.8513,-0.10209
4.8541,-0.09402
4.8569,-0.05532
4.8597,-0.05978
4.8625,-0.05645
4.8652,-0.06969
4.868,-0.05662
4.8708,-0.09405
4.8736,-0.05509
4.8764,-0.06476
4.8791,-0.09558
4.8819,-0.04861
4.8847,-0.04839
4.8875,-0.07428
4.8902,-0.06144
4.893,-0.09305
4.8958,-0.07342
4.8986,-0.05543
4.9014,-0.07373
4.9041,-0.11638
4.9069,-0.04129
4.9097,-0.06097
4.9125,-0.03028
4.9153,-0.02936
4.918,-0.0731
4.9208,-0.01838
4.9236,-0.03953
4.9264,-0.05927
4.9291,-0.04382
4.9319,-0.0569
4.9347,-0.04096
4.9375,-0.02723
4.9403,-0.068
4.943,-0.07628
4.9458,-0.03893
4.9486,-0.03516
4.9514,-0.03059
4.9542,-0.03404
4.9569,-0.05074
4.9597,-0.06757
4.9625,-0.0391
4.9653,-0.03127
4.968,-0.04421
4.9708,-0.01012
4.9736,-0.02853
4.9764,-0.03109
4.9792,-0.00971
4.9819,-0.02893
4.9847,0.01103
4.9875,-0.02144
4.9903,0.00262
4.9931,-0.02366
4.9958,0.02148
4.9986,-0.02751
5.0014,-0.01855
5.0042,0.00908
5.0069,0.04237
5.0097,-0.01239
5.0125,0.03356
5.0153,0.0315
5.0181,0.02354
5.0208,0.01429
5.0236,0.0133
5.0264,0.05305
5.0292,0.00754
5.032,0.04493
5.0347,0.04687
5.0375,0.02549
5.0403,0.03702
5.0431,0.04562
5.0458,0.08846
5.0486,-0.00372
5.0514,0.02637
5.0542,0.03689
5.057,0.04347
5.0597,0.05893
5.0625,0.04195
5.0653,0.07585
5.0681,0.03005
5.0709,0.06673
5.0736,0.05153
5.0764,0.03568
5.0792,0.08568
5.082,0.06958
5.0847,0.02833
5.0875,0.08077
5.0903,0.07109
5.0931,0.05732
5.0959,0.08784
5.0986,0.06993
5.1014,0.06953
5.1042,0.06139
5.107,0.07098
5.1098,0.03696
5.1125,0.06838
5.1153,0.09555
5.1181,0.05659
5.1209,0.10878
5.1236,0.07948
5.1264,0.07758
5.1292,0.09805
5.132,0.0586
5.1348,0.10056
5.1375,0.06295
5.1403,0.09482
5.1431,0.05323
5.1459,0.07155
5.1487,0.08785
5.1514,0.05592
5.1542,0.06093
5.157,0.08706
5.1598,0.07673
5.1625,0.0865
5.1653,0.07604
5.1681,0.07833
5.1709,0.08558
5.1737,0.07981
5.1764,0.11666
5.1792,0.12011
5.182,0.13021
5.1848,0.08478
5.1876,0.05405
5.1903,0.09095
5.1931,0.11788
5.1959,0.12509
5.1987,0.11291
5.2014,0.0916
5.2042,0.08895
5.207,0.10992
5.2098,0.07555
5.2126,0.11353
5.2153,0.08953
5.2181,0.10432
5.2209,0.10821
5.2237,0.11869
5.2265,0.11585
5.2292,0.07733
5.232,0.07475
5.2348,0.08793
5.2376,0.0977
5.2403,0.08551
5.2431,0.11691
5.2459,0.08966
5.2487,0.11408
5.2515,0.10064
5.2542,0.08093
5.257,0.06128
5.2598,0.06675
5.2626,0.08462
5.2654,0.09018
5.2681,0.10732
5.2709,0.07167
5.2737,0.0896
5.2765,0.07892
5.2792,0.08869
5.282,0.06856
5.2848,0.10651
5.2876,0.06389
5.2904,0.07749
5.2931,0.10694
5.2959,0.05996
5.2987,0.0653
5.3015,0.11067
5.3043,0.07432
5.307,0.06677
5.3098,0.08941
5.3126,0.11389
5.3154,0.0621
5.3181,0.0653
5.3209,0.07086
5.3237,0.07444
5.3265,0.03627
5.3293,0.06971
5.332,0.03421
5.3348,0.0583
5.3376,0.08004
5.3404,0.05677
5.3432,0.07361
5.3459,0.07143
5.3487,0.03604
5.3515,0.01679
5.3543,0.09855
5.357,0.05739
5.3598,0.05228
5.3626,0.02499
5.3654,0.03286
5.3682,0.02182
5.3709,0.02346
5.3737,0.02678
5.3765,-0.01242
5.3793,-0.00311
5.3821,0.03276
5.3848,0.0427
5.3876,0.02849
5.3904,0.03558
5.3932,0.01034
5.3959,-0.02575
5.3987,0.05531
5.4015,0.02111
5.4043,-0.00808
5.4071,0.0475
5.4098,-0.01409
5.4126,0.02295
5.4154,-0.01349
5.4182,-0.00346
5.421,-0.01806
5.4237,0.01534
5.4265,-0.00688
5.4293,-0.02378
5.4321,0.00084
5.4348,-0.02841
5.4376,-0.0135
5.4404,-0.04325
5.4432,-0.02053
5.446,-0.04547
5.4487,-0.01005
5.4515,-0.01063
5.4543,-0.025
5.4571,-0.03976
5.4598,-0.00474
5.4626,-0.08494
5.4654,-0.03702
5.4682,-0.04678
5.471,-0.05771
5.4737,-0.02046
5.4765,0.16688
5.4793,1.13556
5.4821,0.36148
5.4849,-0.07164
5.4876,-0.05356
5.4904,-0.05702
5.4932,-0.07591
5.496,-0.07453
5.4987,-0.04478
5.5015,-0.06946
5.5043,-0.0514
5.5071,-0.07328
5.5099,-0.11972
5.5126,-0.06341
5.5154,-0.07472
5.5182,-0.02478
5.521,-0.07942
5.5238,-0.10309
5.5265,-0.0749
5.5293,-0.0623
5.5321,-0.09167
5.5349,-0.07439
5.5376,-0.04988
5.5404,-0.10717
5.5432,-0.07299
5.546,-0.05997
5.5488,-0.07914
5.5515,-0.08673
5.5543,-0.10066
5.5571,-0.08301
5.5599,-0.05525
5.5627,-0.10685
5.5654,-0.12016
5.5682,-0.07545
5.571,-0.08278
5.5738,-0.09218
5.5765,-0.07691
5.5793,-0.08176
5.5821,-0.07135
5.5849,-0.09863
5.5877,-0.0905
5.5904,-0.13322
5.5932,-0.08247
5.596,-0.10704
5.5988,-0.10047
5.6016,-0.11807
5.6043,-0.1076
5.6071,-0.09471
5.6099,-0.08538
5.6127,-0.07792
5.6154,-0.1018
5.6182,-0.1285
5.621,-0.12249
5.6238,-0.07893
5.6266,-0.10049
5.6293,-0.1145
5.6321,-0.06785
5.6349,-0.12695
5.6377,-0.09214
5.6405,-0.07503
5.6432,-0.1118
5.646,-0.09848
5.6488,-0.10178
5.6516,-0.15088
5.6543,-0.09773
5.6571,-0.09181
5.6599,-0.06961
5.6627,-0.0969
5.6655,-0.09174
5.6682,-0.09187
5.671,-0.1056
5.6738,-0.11469
5.6766,-0.0797
5.6794,-0.05146
5.6821,-0.10276
5.6849,-0.09152
5.6877,-0.07582
5.6905,-0.08927
5.6932,-0.07664
5.696,-0.07249
5.6988,-0.10626
5.7016,-0.08097
5.7044,-0.09536
5.7071,-0.13827
5.7099,-0.0715
5.7127,-0.06409
5.7155,-0.0794
5.7183,-0.09178
5.721,-0.0816
5.7238,-0.08928
5.7266,-0.10315
5.7294,-0.0588
5.7321,-0.05071
5.7349,-0.03806
5.7377,-0.0819
5.7405,-0.11019
5.7433,-0.08392
5.746,-0.10416
5.7488,-0.11359
5.7516,-0.0946
5.7544,-0.06046
5.7572,-0.06459
5.7599,-0.0816
5.7627,-0.06718
5.7655,-0.02814
5.7683,-0.06775
5.771,-0.01272
5.7738,-0.02986
5.7766,-0.02929
5.7794,-0.02422
5.7822,-0.07528
5.7849,-0.02512
5.7877,-0.03229
5.7905,-0.00362
5.7933,-0.04551
5.7961,-0.04043
5.7988,-0.02996
5.8016,-0.00162
5.8044,-0.05409
5.8072,-0.00616
5.8099,-0.0666
5.8127,-0.03387
5.8155,-0.05262
5.8183,0.016
5.8211,-0.02054
5.8238,0.01635
5.8266,-0.02475
5.8294,-0.04365
5.8322,-0.01023
5.835,-0.00159
5.8377,-0.02525
5.8405,0.03362
5.8433,0.02134
5.8461,-0.01254
5.8488,0.02533
5.8516,0.00158
5.8544,0.01261
5.8572,-0.01488
5.86,0.00535
5.8627,0.02368
5.8655,-0.00651
5.8683,0.0226
5.8711,0.0264
5.8739,0.02077
5.8766,0.04706
5.8794,0.04246
5.8822,0.03847
5.885,0.04911
5.8877,0.05774
5.8905,0.08007
5.8933,0.06155
5.8961,0.02849
5.8989,0.03946
5.9016,0.06256
5.9044,0.07443
5.9072,0.06946
5.91,0.07091
5.9128,0.04722
5.9155,0.02541
5.9183,0.05675
5.9211,0.07012
5.9239,0.07076
5.9266,0.06823
5.9294,0.05373
5.9322,0.0565
5.935,0.08537
5.9378,0.09475
5.9405,0.05172
5.9433,0.05462
5.9461,0.06797
5.9489,0.09427
5.9517,0.03579
5.9544,0.05732
5.9572,0.06624
5.96,0.09845
5.9628,0.06178
5.9655,0.07185
5.9683,0.10784
5.9711,0.10929
5.9739,0.08133
5.9767,0.09331
5.9794,0.08751
5.9822,0.08674
5.985,0.06815
5.9878,0.0834
5.9906,0.1049
5.9933,0.0992
5.9961,0.08003
5.9989,0.11295
6.0017,0.08242
6.0044,0.13474
6.0072,0.09603
6.01,0.08214
6.0128,0.11719
6.0156,0.09339
6.0183,0.06518
6.0211,0.08751
6.0239,0.09327
6.0267,0.07166
6.0295,0.10034
6.0322,0.10671
6.035,0.10696
6.0378,0.10363
6.0406,0.10924
6.0433,0.09367
6.0461,0.10718
6.0489,0.07905
6.0517,0.10768
6.0545,0.08089
6.0572,0.07747
6.06,0.14088
6.0628,0.10269
6.0656,0.11331
6.0684,0.09426
6.0711,0.07981
6.0739,0.05723
6.0767,0.0972
6.0795,0.12933
6.0822,0.08429
6.085,0.06827
6.0878,0.08284
6.0906,0.06178
6.0934,0.05764
6.0961,0.10108
6.0989,0.10201
6.1017,0.11279
6.1045,0.08186
6.1073,0.06343
6.11,0.1003
6.1128,0.05847
6.1156,0.07179
6.1184,0.0959
6.1211,0.04324
6.1239,0.06734
6.1267,0.06023
6.1295,0.09027
6.1323,0.10542
6.135,0.09078
6.1378,0.06563
6.1406,0.05641
6.1434,0.07819
6.1462,0.08988
6.1489,0.04572
6.1517,0.07472
6.1545,0.06913
6.1573,0.08266
6.16,0.02672
6.1628,0.04947
6.1656,0.05342
6.1684,0.05691
6.1712,0.03913
6.1739,0.05638
6.1767,0.05219
6.1795,0.02175
6.1823,0.04685
6.1851,0.04334
6.1878,0.00128
6.1906,-0.00465
6.1934,0.04637
6.1962,0.05236
6.1989,0.0613
6.2017,0.04125
6.2045,0.06552
6.2073,0.00262
6.2101,0.05665
6.2128,0.02321
6.2156,0.01144
6.2184,-0.00104
6.2212,-0.01689
6.224,0.02916
6.2267,0.00856
6.2295,0.0113
6.2323,-0.00672
6.2351,0.01188
6.2378,0.02767
6.2406,-0.01944
6.2434,-0.00204
6.2462,0.03139
6.249,-0.03263
6.2517,0.00494
6.2545,0.01931
6.2573,0.0078
6.2601,-0.00356
6.2629,-0.00254
6.2656,-0.0213
6.2684,-0.02724
6.2712,-0.04467
6.274,-0.03803
6.2767,-0.02529
6.2795,-0.0449
6.2823,-0.04702
6.2851,0.02193
6.2879,-0.03473
6.2906,-0.04933
6.2934,-0.05878
6.2962,-0.04839
6.299,-0.04712
6.3018,-0.04292
6.3045,-0.01532
6.3073,0.15408
6.3101,1.15709
6.3129,0.3929
6.3156,-0.04637
6.3184,-0.04297
6.3212,-0.04124
6.324,-0.0536
6.3268,-0.04786
6.3295,-0.06441
6.3323,-0.07636
6.3351,-0.06017
6.3379,-0.06116
6.3407,-0.04064
6.3434,-0.05568
6.3462,-0.07309
6.349,-0.01913
6.3518,-0.09332
6.3545,-0.06567
6.3573,-0.06825
6.3601,-0.08889
6.3629,-0.12195
6.3657,-0.08288
6.3684,-0.0589
6.3712,-0.09896
6.374,-0.08331
6.3768,-0.0761
6.3795,-0.05592
6.3823,-0.09222
6.3851,-0.10293
6.3879,-0.0995
6.3907,-0.09873
6.3934,-0.08897
6.3962,-0.1154
6.399,-0.09164
6.4018,-0.10662
6.4046,-0.08065
6.4073,-0.114
6.4101,-0.09972
6.4129,-0.10194
6.4157,-0.14501
6.4184,-0.07475
6.4212,-0.06726
6.424,-0.07316
6.4268,-0.09864
6.4296,-0.0876
6.4323,-0.06709
6.4351,-0.09065
6.4379,-0.14573
6.4407,-0.02558
6.4435,-0.08847
6.4462,-0.097
6.449,-0.11697
6.4518,-0.08267
6.4546,-0.09587
6.4573,-0.12395
6.4601,-0.12332
6.4629,-0.12622
6.4657,-0.08837
6.4685,-0.11483
6.4712,-0.10355
6.474,-0.11185
6.4768,-0.06239
6.4796,-0.11433
6.4824,-0.11812
6.4851,-0.0977
6.4879,-0.09991
6.4907,-0.07343
6.4935,-0.09931
6.4962,-0.08752
6.499,-0.12614
6.5018,-0.09039
6.5046,-0.08625
6.5074,-0.12894
6.5101,-0.08694
6.5129,-0.09584
6.5157,-0.06567
6.5185,-0.08878
6.5213,-0.08103
6.524,-0.10557
6.5268,-0.05507
6.5296,-0.07859
6.5324,-0.09665
6.5351,-0.08646
6.5379,-0.08553
6.5407,-0.11566
6.5435,-0.11899
6.5463,-0.08839
6.549,-0.08214
6.5518,-0.0364
6.5546,-0.03766
6.5574,-0.06188
6.5602,-0.04406
6.5629,-0.07072
6.5657,-0.05583
6.5685,-0.08392
6.5713,-0.05754
6.574,-0.09215
6.5768,-0.05627
6.5796,-0.07681
6.5824,-0.02122
6.5852,-0.02121
6.5879,-0.03387
6.5907,-0.07472
6.5935,-0.08183
6.5963,-0.08559
6.5991,-0.02593
6.6018,-0.07017
6.6046,-0.05326
6.6074,-0.05399
6.6102,-0.05092
6.6129,-0.04781
6.6157,-0.0504
6.6185,-0.02381
6.6213,-0.0807
6.6241,-0.04432
6.6268,-0.01657
6.6296,-0.06706
6.6324,-0.01235
6.6352,-0.02554
6.638,-0.01371
6.6407,0.01858
6.6435,-0.03151
6.6463,-0.02244
6.6491,-0.01806
6.6518,-0.00633
6.6546,-0.00858
6.6574,0.00423
6.6602,-0.03484
6.663,-0.03309
6.6657,-0.027
6.6685,-0.01608
6.6713,-0.01693
6.6741,0.02402
6.6769,0.00724
6.6796,0.01247
6.6824,-0.02091
6.6852,-0.00457
6.688,0.02804
6.6907,0.04084
6.6935,0.03281
6.6963,-0.00572
6.6991,0.02986
6.7019,0.00749
6.7046,0.01717
6.7074,0.02276
6.7102,0.01707
6.713,0.01328
6.7158,0.05433
6.7185,0.03233
6.7213,0.07064
6.7241,0.06867
6.7269,0.00749
6.7296,0.07219
6.7324,0.0324
6.7352,0.05305
6.738,0.04307
6.7408,0.09746
6.7435,0.05065
6.7463,0.07357
6.7491,0.0153
6.7519,0.06459
6.7547,0.10277
6.7574,0.03188
6.7602,0.06662
6.763,0.07392
6.7658,0.05162
6.7685,0.06086
6.7713,0.0734
6.7741,0.08285
6.7769,0.10063
6.7797,0.05951
6.7824,0.08402
6.7852,0.10161
6.788,0.05943
6.7908,0.10606
6.7936,0.05352
6.7963,0.07454
6.7991,0.10842
6.8019,0.06406
6.8047,0.061
6.8074,0.07326
6.8102,0.08512
6.813,0.06242
6.8158,0.13856
6.8186,0.0743
6.8213,0.0971
6.8241,0.079
6.8269,0.06499
6.8297,0.08834
6.8325,0.1065
6.8352,0.1023
6.838,0.09234
6.8408,0.09867
6.8436,0.09653
6.8463,0.09763
6.8491,0.08719
6.8519,0.10251
6.8547,0.12705
6.8575,0.13765
6.8602,0.08062
6.863,0.11615
6.8658,0.07213
6.8686,0.07219
6.8714,0.06894
6.8741,0.10747
6.8769,0.07602
6.8797,0.06638
6.8825,0.12924
6.8852,0.08524
6.888,0.12683
6.8908,0.13527
6.8936,0.13302
6.8964,0.09756
6.8991,0.11183
6.9019,0.10834
6.9047,0.07911
6.9075,0.10086
6.9103,0.08789
6.913,0.105
6.9158,0.10364
6.9186,0.07675
6.9214,0.0708
6.9241,0.09553
6.9269,0.13682
6.9297,0.1085
6.9325,0.09115
6.9353,0.11927
6.938,0.08744
6.9408,0.09089
6.9436,0.11297
6.9464,0.10804
6.9492,0.09656
6.9519,0.06258
6.9547,0.09776
6.9575,0.09194
6.9603,0.08602
6.963,0.09056
6.9658,0.08271
6.9686,0.08387
6.9714,0.09804
6.9742,0.04055
6.9769,0.04783
6.9797,0.08087
6.9825,0.08388
6.9853,0.09734
6.9881,0.0347
6.9908,0.0762
6.9936,0.08013
6.9964,0.07195
6.9992,0.04909
7.0019,0.07463
7.0047,0.03256
7.0075,0.03245
7.0103,0.05349
7.0131,0.05473
7.0158,0.04067
7.0186,0.04611
7.0214,0.00869
7.0242,0.05086
7.027,0.0312
7.0297,0.0416
7.0325,0.02334
7.0353,0.02802
7.0381,0.06094
7.0408,0.0183
7.0436,0.00569
7.0464,0.02423
7.0492,0.00176
7.052,0.05245
7.0547,0.0066
7.0575,0.03056
7.0603,0.04534
7.0631,0.01271
7.0659,0.02454
7.0686,0.03002
7.0714,0.03028
7.0742,-0.00638
7.077,-0.01156
7.0797,-0.02831
7.0825,0.00902
7.0853,0.00114
7.0881,-0.03284
7.0909,-0.00094
7.0936,-0.03541
7.0964,0.01157
7.0992,0.0086
7.102,0.01749
7.1048,-0.00665
7.1075,0.00359
7.1103,-0.01528
7.1131,-0.03709
7.1159,-0.0287
7.1186,-0.02166
7.1214,-0.02587
7.1242,-0.01961
7.127,-0.01803
7.1298,0.02539
7.1325,-0.05213
7.1353,-0.03578
7.1381,0.15213
7.1409,1.18349
7.1437,0.33042
7.1464,-0.03667
7.1492,-0.04887
7.152,-0.05446
7.1548,-0.0654
7.1575,-0.06731
7.1603,-0.09027
7.1631,-0.03839
7.1659,-0.07346
7.1687,-0.05933
7.1714,-0.08633
7.1742,-0.07913
7.177,-0.05486
7.1798,-0.04667
7.1826,-0.05104
7.1853,-0.06274
7.1881,-0.06114
7.1909,-0.09512
7.1937,-0.07952
7.1964,-0.07039
7.1992,-0.089
7.202,-0.10585
7.2048,-0.11954
7.2076,-0.0701
7.2103,-0.04397
7.2131,-0.08363
7.2159,-0.0933
7.2187,-0.04771
7.2215,-0.08328
7.2242,-0.10487
7.227,-0.11289
7.2298,-0.09567
7.2326,-0.09702
7.2353,-0.11006
7.2381,-0.09437
7.2409,-0.07361
7.2437,-0.06572
7.2465,-0.0872
7.2492,-0.08589
7.252,-0.09656
7.2548,-0.08804
7.2576,-0.10039
7.2604,-0.09392
7.2631,-0.07898
7.2659,-0.09626
7.2687,-0.11009
7.2715,-0.11602
7.2742,-0.10795
7.277,-0.08442
7.2798,-0.08956
7.2826,-0.08553
7.2854,-0.09071
7.2881,-0.11241
7.2909,-0.08937
7.2937,-0.07921
7.2965,-0.0795
7.2992,-0.09196
7.302,-0.11556
7.3048,-0.13286
7.3076,-0.10428
7.3104,-0.11353
7.3131,-0.09848
7.3159,-0.08601
7.3187,-0.11482
7.3215,-0.09081
7.3243,-0.08864
7.327,-0.0805
7.3298,-0.09372
7.3326,-0.08988
7.3354,-0.06113
7.3381,-0.07539
7.3409,-0.09253
7.3437,-0.06255
7.3465,-0.07495
7.3493,-0.13192
7.352,-0.11994
7.3548,-0.10615
7.3576,-0.07825
7.3604,-0.05551
7.3632,-0.08138
7.3659,-0.09237
7.3687,-0.07088
7.3715,-0.09264
7.3743,-0.09966
7.377,-0.14416
7.3798,-0.06477
7.3826,-0.049
7.3854,-0.08291
7.3882,-0.06717
7.3909,-0.04871
7.3937,-0.06754
7.3965,-0.0992
7.3993,-0.04243
7.4021,-0.03909
7.4048,-0.12042
7.4076,-0.06325
7.4104,-0.04703
7.4132,-0.07502
7.4159,-0.06124
7.4187,-0.02378
7.4215,-0.0442
7.4243,-0.0757
7.4271,-0.10703
7.4298,-0.05028
7.4326,-0.02173
7.4354,-0.06401
7.4382,-0.02686
7.441,-0.06031
7.4437,-0.04026
7.4465,-0.05911
7.4493,-0.03855
7.4521,-0.0452
7.4548,-0.03931
7.4576,-0.04983
7.4604,0.00929
7.4632,-0.00252
7.466,-0.04532
7.4687,-0.02606
7.4715,0.00281
7.4743,-0.04135
7.4771,-0.01605
7.4799,-0.02076
7.4826,-0.0336
7.4854,0.02269
7.4882,-0.00599
7.491,0.01341
7.4937,0.00274
7.4965,0.02671
7.4993,0.00983
7.5021,0.01778
7.5049,0.00687
7.5076,0.00016
7.5104,0.01053
7.5132,0.02562
7.516,-0.00845
7.5188,0.02793
7.5215,-0.00441
7.5243,0.046
7.5271,0.01742
7.5299,0.02757
7.5326,0.01545
7.5354,0.04125
7.5382,0.03321
7.541,0.01413
7.5438,0.01898
7.5465,0.06484
7.5493,0.03653
7.5521,0.03971
7.5549,0.02445
7.5577,0.0585
7.5604,0.03629
7.5632,0.02843
7.566,0.07087
7.5688,0.04096
7.5715,0.0779
7.5743,-0.00349
7.5771,0.05666
7.5799,0.04208
7.5827,0.03512
7.5854,0.09804
7.5882,0.02677
7.591,0.05901
7.5938,0.07628
7.5966,0.09746
7.5993,0.05105
7.6021,0.04545
7.6049,0.0694
7.6077,0.05215
7.6104,0.08374
7.6132,0.06121
7.616,0.10772
7.6188,0.08444
7.6216,0.07282
7.6243,0.11072
7.6271,0.07506
7.6299,0.04234
7.6327,0.08663
7.6355,0.07771
7.6382,0.06819
7.641,0.07842
7.6438,0.07203
7.6466,0.12156
7.6493,0.10661
7.6521,0.11185
7.6549,0.12698
7.6577,0.10923
7.6605,0.11263
7.6632,0.10026
7.666,0.13032
7.6688,0.08508
7.6716,0.09934
7.6744,0.07206
7.6771,0.06954
7.6799,0.10908
7.6827,0.10423
7.6855,0.06787
7.6882,0.07109
7.691,0.12836
7.6938,0.11559
7.6966,0.13411
7.6994,0.10387
7.7021,0.11029
7.7049,0.09341
7.7077,0.10803
7.7105,0.09769
7.7133,0.06039
7.716,0.13629
7.7188,0.09573
7.7216,0.09795
7.7244,0.1194
7.7271,0.09803
7.7299,0.13496
7.7327,0.1104
7.7355,0.09104
7.7383,0.11384
7.741,0.07869
7.7438,0.12769
7.7466,0.08709
7.7494,0.11168
7.7522,0.08464
7.7549,0.06218
7.7577,0.0933
7.7605,0.10625
7.7633,0.10691
7.766,0.08689
7.7688,0.06954
7.7716,0.09088
7.7744,0.07354
7.7772,0.06094
7.7799,0.07695
7.7827,0.10444
7.7855,0.06723
7.7883,0.0594
7.7911,0.10112
7.7938,0.07778
7.7966,0.08519
7.7994,0.07704
7.8022,0.10385
7.8049,0.04927
7.8077,0.06732
7.8105,0.06416
7.8133,0.06431
7.8161,0.09915
7.8188,0.09875
7.8216,0.07987
7.8244,0.08397
7.8272,0.09124
7.83,0.02153
7.8327,0.0307
7.8355,0.0484
7.8383,0.07073
7.8411,0.04972
7.8438,0.05983
7.8466,0.03595
7.8494,0.09134
7.8522,0.0612
7.855,0.02848
7.8577,0.0863
7.8605,0.02235
7.8633,0.02481
7.8661,0.01146
7.8689,0.04916
7.8716,0.0371
7.8744,0.035
7.8772,0.01148
7.88,0.04374
7.8827,0.03525
7.8855,0.00782
7.8883,-0.02111
7.8911,0.01306
7.8939,0.01801
7.8966,0.02125
7.8994,0.02177
7.9022,0.00929
7.905,0.00873
7.9078,0.01861
7.9105,-0.01616
7.9133,0.03749
7.9161,0.03219
7.9189,0.01819
7.9216,0.00486
7.9244,0.01624
7.9272,0.02597
7.93,-0.01393
7.9328,-0.02548
7.9355,-0.03278
7.9383,0.0002
7.9411,0.00868
7.9439,-0.00889
7.9467,-0.0105
7.9494,-0.01911
7.9522,-0.03866
7.955,-0.04117
7.9578,-0.04578
7.9605,-0.04814
7.9633,0.02316
7.9661,-0.02418
7.9689,0.16836
7.9717,1.16567
7.9744,0.32739
7.9772,-0.0198
7.98,-0.08598
7.9828,-0.04465
7.9856,-0.05694
7.9883,-0.06504
7.9911,-0.04875
7.9939,-0.03527
7.9967,-0.07854
7.9994,-0.00475
8.0022,-0.0609
8.005,-0.03227
8.0078,-0.07008
8.0106,-0.0673
8.0133,-0.00808
8.0161,-0.07894
8.0189,-0.07522
8.0217,-0.07954
8.0245,-0.04735
8.0272,-0.09352
8.03,-0.09471
8.0328,-0.0847
8.0356,-0.05551
8.0383,-0.09219
8.0411,-0.04142
8.0439,-0.06962
8.0467,-0.09692
8.0495,-0.10014
8.0522,-0.0812
8.055,-0.08729
8.0578,-0.04584
8.0606,-0.08678
8.0634,-0.04184
8.0661,-0.08123
8.0689,-0.0872
8.0717,-0.09924
8.0745,-0.11741
8.0772,-0.10708
8.08,-0.0967
8.0828,-0.12449
8.0856,-0.12499
8.0884,-0.10358
8.0911,-0.10034
8.0939,-0.06617
8.0967,-0.12743
8.0995,-0.10764
8.1023,-0.10167
8.105,-0.10445
8.1078,-0.1158
8.1106,-0.08138
8.1134,-0.09566
8.1161,-0.08495
8.1189,-0.1157
8.1217,-0.1038
8.1245,-0.11211
8.1273,-0.10477
8.13,-0.05634
8.1328,-0.1317
8.1356,-0.08274
8.1384,-0.0362
8.1412,-0.12874
8.1439,-0.09567
8.1467,-0.12353
8.1495,-0.08015
8.1523,-0.10603
8.155,-0.09129
8.1578,-0.09102
8.1606,-0.07426
8.1634,-0.12188
8.1662,-0.10161
8.1689,-0.0885
8.1717,-0.10294
8.1745,-0.09436
8.1773,-0.10169
8.1801,-0.06907
8.1828,-0.10154
8.1856,-0.07734
8.1884,-0.07275
8.1912,-0.08923
8.1939,-0.08985
8.1967,-0.07259
8.1995,-0.08109
8.2023,-0.10176
8.2051,-0.09701
8.2078,-0.10864
8.2106,-0.08001
8.2134,-0.09166
8.2162,-0.07869
8.2189,-0.09164
8.2217,-0.07822
8.2245,-0.07418
8.2273,-0.06509
8.2301,-0.08644
8.2328,-0.06587
8.2356,-0.09214
8.2384,-0.0326
8.2412,-0.05075
8.244,-0.06056
8.2467,-0.04996
8.2495,-0.06531
8.2523,-0.03002
8.2551,-0.07117
8.2578,-0.04992
8.2606,-0.03946
8.2634,-0.05254
8.2662,-0.05351
8.269,-0.07677
8.2717,-0.06775
8.2745,-0.06177
8.2773,-0.06879
8.2801,-0.04875
8.2829,-0.04366
8.2856,-0.03899
8.2884,-0.03598
8.2912,-0.01525
8.294,-0.04999
8.2967,-0.02708
8.2995,-0.02327
8.3023,-0.00728
8.3051,0.01894
8.3079,-0.01822
8.3106,-0.03343
8.3134,-0.00658
8.3162,-0.01733
8.319,-0.02103
8.3218,-0.00417
8.3245,-0.02372
8.3273,-0.01397
8.3301,-0.00611
8.3329,0.0104
8.3356,-0.01734
8.3384,0.00695
8.3412,0.00265
8.344,0.02781
8.3468,-0.02376
8.3495,0.01228
8.3523,0.00288
8.3551,-0.00969
8.3579,0.00993
8.3607,0.05583
8.3634,-2e-05
8.3662,0.01568
8.369,0.04363
8.3718,0.00357
8.3745,0.01013
8.3773,0.04789
8.3801,0.09056
8.3829,0.06564
8.3857,0.0145
8.3884,0.07264
8.3912,0.07555
8.394,0.06942
8.3968,-0.00664
8.3996,0.05873
8.4023,0.02154
8.4051,-0.006
8.4079,0.01083
8.4107,0.01829
8.4134,0.06332
8.4162,0.07228
8.419,0.03136
8.4218,0.02014
8.4246,0.09805
8.4273,0.07214
8.4301,0.06766
8.4329,0.06062
8.4357,0.04102
8.4385,0.05541
8.4412,0.05406
8.444,0.04534
8.4468,0.11442
8.4496,0.09267
8.4523,0.04581
8.4551,0.07118
8.4579,0.1132
8.4607,0.08632
8.4635,0.07949
8.4662,0.07637
8.469,0.09277
8.4718,0.11494
8.4746,0.06367
8.4774,0.08775
8.4801,0.12275
8.4829,0.07163
8.4857,0.10779
8.4885,0.12097
8.4912,0.06901
8.494,0.08756
8.4968,0.10475
8.4996,0.08122
8.5024,0.05935
8.5051,0.09974
8.5079,0.10241
8.5107,0.10716
8.5135,0.06905
8.5163,0.13104
8.519,0.09679
8.5218,0.11212
8.5246,0.11432
8.5274,0.11354
8.5301,0.09067
8.5329,0.08193
8.5357,0.12815
8.5385,0.1358
8.5413,0.10931
8.544,0.13882
8.5468,0.1172
8.5496,0.09986
8.5524,0.13338
8.5552,0.1079
8.5579,0.06783
8.5607,0.10697
8.5635,0.10078
8.5663,0.11257
8.569,0.0974
8.5718,0.05004
8.5746,0.08703
8.5774,0.09809
8.5802,0.10813
8.5829,0.10884
8.5857,0.08628
8.5885,0.15963
8.5913,0.09724
8.5941,0.10339
8.5968,0.09827
8.5996,0.10242
8.6024,0.08536
8.6052,0.07667
8.6079,0.10045
8.6107,0.08792
8.6135,0.06111
8.6163,0.05471
8.6191,0.0472
8.6218,0.07725
8.6246,0.07782
8.6274,0.1115
8.6302,0.10131
8.633,0.06756
8.6357,0.09134
8.6385,0.05234
8.6413,0.09766
8.6441,0.09382
8.6468,0.08726
8.6496,0.09244
8.6524,0.07126
8.6552,0.05349
8.658,0.0569
8.6607,0.02219
8.6635,0.02784
8.6663,0.05788
8.6691,0.04541
8.6719,0.05431
8.6746,0.06674
8.6774,0.05816
8.6802,0.03575
8.683,0.05224
8.6857,0.0801
8.6885,0.01244
8.6913,0.03437
8.6941,0.07033
8.6969,0.03525
8.6996,0.04793
8.7024,0.00907
8.7052,0.03368
8.708,0.05242
8.7108,0.01905
8.7135,0.05811
8.7163,0.02961
8.7191,0.01756
8.7219,0.01822
8.7246,0.04559
8.7274,0.02489
8.7302,0.03502
8.733,0.02933
8.7358,0.01463
8.7385,0.01825
8.7413,0.01471
8.7441,0.01926
8.7469,-0.00704
8.7497,-0.00847
8.7524,0.02786
8.7552,0.01726
8.758,-0.00398
8.7608,0.00124
8.7635,-0.03082
8.7663,-0.00919
8.7691,-0.01284
8.7719,-0.02852
8.7747,0.02703
8.7774,-0.02698
8.7802,-0.01585
8.783,-0.01828
8.7858,-0.03287
8.7886,0.02043
8.7913,-0.03127
8.7941,-0.08548
8.7969,-0.01177
8.7997,0.19753
8.8024,1.16841
8.8052,0.34815
8.808,-0.05353
8.8108,-0.0402
8.8136,-0.03479
8.8163,-0.04134
8.8191,-0.03029
8.8219,-0.07616
8.8247,-0.02189
8.8275,-0.03439
8.8302,-0.07437
8.833,-0.05968
8.8358,-0.03419
8.8386,-0.08332
8.8413,-0.08255
8.8441,-0.05874
8.8469,-0.0624
8.8497,-0.05574
8.8525,-0.05927
8.8552,-0.07144
8.858,-0.1035
8.8608,-0.09267
8.8636,-0.09059
8.8664,-0.10277
8.8691,-0.08303
8.8719,-0.0802
8.8747,-0.11853
8.8775,-0.06302
8.8802,-0.09083
8.883,-0.08502
8.8858,-0.06046
8.8886,-0.08485
8.8914,-0.09672
8.8941,-0.13176
8.8969,-0.08317
8.8997,-0.09925
8.9025,-0.09523
8.9053,-0.08048
8.908,-0.10372
8.9108,-0.12847
8.9136,-0.08735
8.9164,-0.12708
8.9191,-0.07251
8.9219,-0.08157
8.9247,-0.08474
8.9275,-0.11917
8.9303,-0.09357
8.933,-0.12981
8.9358,-0.0902
8.9386,-0.11511
8.9414,-0.06171
8.9442,-0.09168
8.9469,-0.10517
8.9497,-0.09127
8.9525,-0.10716
8.9553,-0.10414
8.958,-0.09624
8.9608,-0.14147
8.9636,-0.12235
8.9664,-0.13479
8.9692,-0.12353
8.9719,-0.10336
8.9747,-0.11784
8.9775,-0.10023
8.9803,-0.06688
8.9831,-0.10947
8.9858,-0.09742
8.9886,-0.09906
8.9914,-0.07496
8.9942,-0.12043
8.9969,-0.13033
8.9997,-0.0592
9.0025,-0.09644
9.0053,-0.0992
9.0081,-0.10527
9.0108,-0.10241
9.0136,-0.07308
9.0164,-0.11751
9.0192,-0.06933
9.022,-0.12158
9.0247,-0.07493
9.0275,-0.12214
9.0303,-0.06573
9.0331,-0.09824
9.0358,-0.07412
9.0386,-0.05858
9.0414,-0.08667
9.0442,-0.06671
9.047,-0.09562
9.0497,-0.09089
9.0525,-0.08931
9.0553,-0.07415
9.0581,-0.05138
9.0609,-0.06282
9.0636,-0.04027
9.0664,-0.03294
9.0692,-0.06793
9.072,-0.06232
9.0747,-0.03964
9.0775,-0.0504
9.0803,-0.0929
9.0831,-0.07659
9.0859,-0.06737
9.0886,-0.04103
9.0914,-0.07176
9.0942,-0.05572
9.097,-0.06938
9.0997,-0.03543
9.1025,-0.06005
9.1053,-0.03974
9.1081,-0.01162
9.1109,-0.04633
9.1136,-0.0259
9.1164,-0.05314
9.1192,-0.01084
9.122,-0.03379
9.1248,-0.02708
9.1275,-0.00287
9.1303,-0.0479
9.1331,-0.03586
9.1359,-0.00071
9.1386,-0.06271
9.1414,-0.02733
9.1442,0.03379
9.147,-0.01624
9.1498,-0.02165
9.1525,0.00014
9.1553,-0.0252
9.1581,0.0003
9.1609,0.00621
9.1637,-0.01419
9.1664,-0.02145
9.1692,0.02203
9.172,0.00246
9.1748,-0.0008
9.1775,0.0028
9.1803,-0.00656
9.1831,0.02895
9.1859,0.01003
9.1887,0.0044
9.1914,0.01567
9.1942,0.03767
9.197,0.0207
9.1998,0.04659
9.2026,-0.00522
9.2053,0.02871
9.2081,0.05343
9.2109,0.02207
9.2137,0.05179
9.2164,0.02422
9.2192,0.04874
9.222,0.02646
9.2248,0.01874
9.2276,0.07838
9.2303,0.00602
9.2331,0.01146
9.2359,0.03205
9.2387,0.00671
9.2415,0.05246
9.2442,0.08145
9.247,0.03595
9.2498,0.0665
9.2526,0.08077
9.2553,0.04221
9.2581,0.0898
9.2609,0.09646
9.2637,0.06414
9.2665,0.07383
9.2692,0.06913
9.272,0.04942
9.2748,0.07425
9.2776,0.06089
9.2804,0.06595
9.2831,0.06992
9.2859,0.09676
9.2887,0.09629
9.2915,0.08806
9.2942,0.07432
9.297,0.07834
9.2998,0.08386
9.3026,0.10035
9.3054,0.11103
9.3081,0.06931
9.3109,0.11753
9.3137,0.08267
9.3165,0.10379
9.3193,0.0875
9.322,0.06835
9.3248,0.10679
9.3276,0.11582
9.3304,0.11168
9.3331,0.10548
9.3359,0.06196
9.3387,0.0826
9.3415,0.08121
9.3443,0.09054
9.347,0.09675
9.3498,0.11291
9.3526,0.08137
9.3554,0.09427
9.3582,0.08028
9.3609,0.09852
9.3637,0.09793
9.3665,0.10877
9.3693,0.11262
9.372,0.11103
9.3748,0.09549
9.3776,0.13001
9.3804,0.07677
9.3832,0.12877
9.3859,0.1187
9.3887,0.09221
9.3915,0.08823
9.3943,0.09588
9.3971,0.1182
9.3998,0.07435
9.4026,0.09297
9.4054,0.09644
9.4082,0.10543
9.4109,0.09504
9.4137,0.11058
9.4165,0.1089
9.4193,0.0873
9.4221,0.09455
9.4248,0.08605
9.4276,0.10256
9.4304,0.08028
9.4332,0.12632
9.436,0.09406
9.4387,0.07933
9.4415,0.07584
9.4443,0.07376
9.4471,0.07692
9.4498,0.10911
9.4526,0.04586
9.4554,0.11468
9.4582,0.06865
9.461,0.04277
9.4637,0.1047
9.4665,0.05062
9.4693,0.06414
9.4721,0.07812
9.4749,0.07475
9.4776,0.05046
9.4804,0.06085
9.4832,0.03715
9.486,0.02419
9.4887,0.07908
9.4915,0.07457
9.4943,0.05647
9.4971,0.03135
9.4999,0.04688
9.5026,0.06745
9.5054,0.05463
9.5082,0.02855
9.511,0.06525
9.5138,0.05332
9.5165,0.04903
9.5193,0.02083
9.5221,0.01177
9.5249,0.04256
9.5276,0.0456
9.5304,0.05658
9.5332,0.0453
9.536,0.00782
9.5388,0.02871
9.5415,-3e-05
9.5443,0.003
9.5471,0.04514
9.5499,0.01025
9.5527,0.01405
9.5554,0.03559
9.5582,0.04275
9.561,0.03597
9.5638,0.03845
9.5665,0.03602
9.5693,-0.01401
9.5721,-0.00141
9.5749,-0.0035
9.5777,0.01774
9.5804,-0.0243
9.5832,-0.00305
9.586,-0.00576
9.5888,0.0031
9.5916,-0.00843
9.5943,0.01265
9.5971,0.0054
9.5999,-0.05458
9.6027,0.00429
9.6054,-0.00587
9.6082,-0.02776
9.611,-0.03542
9.6138,-0.01416
9.6166,0.00572
9.6193,-0.01104
9.6221,-0.04593
9.6249,-0.02596
9.6277,0.13899
9.6305,1.15435
9.6332,0.3926
9.636,-0.01768
9.6388,-0.02146
9.6416,-0.02647
9.6443,-0.03756
9.6471,-0.04653
9.6499,-0.03938
9.6527,-0.06889
9.6555,-0.06415
9.6582,-0.04283
9.661,-0.07925
9.6638,-0.07189
9.6666,-0.04052
9.6694,-0.08616
9.6721,-0.0558
9.6749,-0.07209
9.6777,-0.09399
9.6805,-0.10776
9.6832,-0.06145
9.686,-0.08309
9.6888,-0.08727
9.6916,-0.10728
9.6944,-0.07739
9.6971,-0.08723
9.6999,-0.05633
9.7027,-0.06085
9.7055,-0.06815
9.7083,-0.07904
9.711,-0.10377
9.7138,-0.07014
9.7166,-0.07995
9.7194,-0.07583
9.7221,-0.09117
9.7249,-0.07598
9.7277,-0.12238
9.7305,-0.09436
9.7333,-0.07769
9.736,-0.06982
9.7388,-0.11474
9.7416,-0.11802
9.7444,-0.07355
9.7472,-0.11459
9.7499,-0.09287
9.7527,-0.05676
9.7555,-0.09072
9.7583,-0.11144
9.761,-0.09652
9.7638,-0.10551
9.7666,-0.08104
9.7694,-0.1092
9.7722,-0.07929
9.7749,-0.08854
9.7777,-0.12823
9.7805,-0.09304
9.7833,-0.11062
9.7861,-0.07147
9.7888,-0.12464
9.7916,-0.08949
9.7944,-0.1041
9.7972,-0.09635
9.7999,-0.12603
9.8027,-0.10982
9.8055,-0.1127
9.8083,-0.11458
9.8111,-0.11006
9.8138,-0.09115
9.8166,-0.06247
9.8194,-0.07976
9.8222,-0.10255
9.825,-0.1264
9.8277,-0.08675
9.8305,-0.10832
9.8333,-0.07702
9.8361,-0.10959
9.8388,-0.13233
9.8416,-0.11571
9.8444,-0.08436
9.8472,-0.08032
9.85,-0.12647
9.8527,-0.07661
9.8555,-0.11472
9.8583,-0.07588
9.8611,-0.10892
9.8639,-0.11202
9.8666,-0.05117
9.8694,-0.09044
9.8722,-0.10788
9.875,-0.08622
9.8777,-0.08551
9.8805,-0.09821
9.8833,-0.06377
9.8861,-0.06416
9.8889,-0.0911
9.8916,-0.08045
9.8944,-0.06987
9.8972,-0.08288
9.9,-0.04397
9.9028,-0.07966
9.9055,-0.073
9.9083,-0.08873
9.9111,-0.04201
9.9139,-0.03137
9.9166,-0.04179
9.9194,-0.05459
9.9222,-0.08461
9.925,-0.06822
9.9278,-0.08538
9.9305,-0.07574
9.9333,-0.08852
9.9361,-0.06255
9.9389,-0.06691
9.9417,-0.04026
9.9444,-0.02514
9.9472,-0.08119
9.95,-0.0033
9.9528,-0.02356
9.9555,-0.07694
9.9583,-0.03194
9.9611,-0.02383
9.9639,-0.03114
9.9667,-0.06566
9.9694,-0.00045
9.9722,0.00122
9.975,-0.03312
9.9778,-0.01129
9.9806,-0.05297
9.9833,-0.02609
9.9861,-0.01045
9.9889,-0.01523
9.9917,0.00345
9.9944,0.04447
9.9972,-0.01596
10.0,-0.00912
